Fovea,40.67,-19.95,191.53,9757
Lesser Trochanter,12.53,4.65,133.3,7735
Greater Trochanter,-16.6,-6.77,187.32,9402
Intertrochanteric Line,-10.04,-29.31,167.62,8501
Intercondylar Notch,-13.85,13.58,-177.96,956
Patellar Surface,-22.57,-20.78,-160.26,1891
Lateral Epicondyle,-47.58,8.73,-166.92,1342
Medial Epicondyle,23.7,19.93,-174.96,1491
Most Distal Point,-37.21,16.01,-188.9,166
Most Proximal Point,25.87,-18.61,205.37,9999
Most Anterior Neck Point,6.27,-27.79,168.41,8588
Most Medial Neck Point,18.89,-14.28,157.29,8328
Most Posterior Neck Point,6.97,-5.09,175.08,8911
Head Fit Point 1,23.97,-1.03,197.16,9849
Head Fit Point 2,10.87,-21.26,200.12,9838
Head Fit Point 3,26.96,-31.23,199.96,9873
Head Fit Point 4,39.25,-11.36,194.16,9822
Head Fit Point 5,16.44,-37.46,182.28,9300
Head Fit Point 6,38.4,-31.55,183.69,9463
Head Fit Point 7,42.3,-12.44,173.08,9117
Head Fit Point 8,33.07,0.77,182.91,9514
Lateral Condyle,-35.7,29.69,-167.02,1413
Medial Condyle,5.82,41.1,-172.96,1368
