Fovea,41.24,-17,193.44,9710
Lesser Trochanter,13.91,7.7,139.34,7934
Greater Trochanter,-14.95,1.69,195.35,9541
Intertrochanteric Line,-19.44,-20.67,176.19,8886
Intercondylar Notch,-10.8,13.52,-191.61,1328
Patellar Surface,-22.62,-18.95,-170.18,2624
Lateral Epicondyle,-46.29,12.86,-180.99,1647
Medial Epicondyle,27.21,12.6,-188.92,1813
Most Distal Point,-30.66,11.1,-205.56,105
Most Proximal Point,25.6,-20.27,211.92,9996
Most Anterior Neck Point,2.59,-22.95,174.97,8852
Most Medial Neck Point,17.28,-11.48,165.73,8634
Most Posterior Neck Point,5.6,-2.82,185.74,9318
Head Fit Point 1,16.3,-27.02,207.21,9925
Head Fit Point 2,35.28,-30.61,202.35,9887
Head Fit Point 3,38.39,-7.16,203.62,9909
Head Fit Point 4,17.07,-7.16,208.42,9917
Head Fit Point 5,20.55,2.3,192.41,9572
Head Fit Point 6,37.41,-2.02,184.3,9405
Head Fit Point 7,34.39,-30.2,178.92,9142
Head Fit Point 8,15.16,-35.66,187.56,9487
Lateral Condyle,-34.11,37.51,-184.52,1489
Medial Condyle,14.3,39.68,-190.53,1426
