Fovea,-57.64,-19.08,220.23,1056
Lesser Trochanter,-17.34,5.72,161.66,2818
Greater Trochanter,19.43,-7.57,229.52,155
Intertrochanteric Line,11.66,-35.24,203.97,1390
Intercondylar Notch,16.09,13.54,-214.42,9268
Patellar Surface,29.33,-27.37,-188.56,8249
Lateral Epicondyle,59.24,10.27,-193.1,8223
Medial Epicondyle,-31.17,22.48,-206.34,8844
Most Distal Point,-8.97,24.64,-240.11,9998
Most Proximal Point,-37.67,-27.5,244.09,18
Most Anterior Neck Point,-8.91,-37.25,208.57,1317
Most Medial Neck Point,-27.21,-17.14,190.28,2179
Most Posterior Neck Point,-12.68,-4.22,210.51,1256
Head Fit Point 1,-23.56,-33.4,239.22,74
Head Fit Point 2,-45.87,-40.46,233.85,256
Head Fit Point 3,-28.14,-14.01,243.47,30
Head Fit Point 4,-50.01,-15.27,239.58,133
Head Fit Point 5,-27.83,2.58,223.55,696
Head Fit Point 6,-54.12,-3.11,215.66,1243
Head Fit Point 7,-54.86,-29.33,204.87,1735
Head Fit Point 8,-35.38,-47.1,218.41,1009
Lateral Condyle,42.3,39.09,-203.58,8548
Medial Condyle,-7.34,46.1,-212.5,9084
