Fovea,-38.66,-34.41,192.35,14188
Lesser Trochanter,-15.07,-0.96,142.53,11654
Greater Trochanter,13.32,-4.70,193.91,14532
Intertrochanteric Line,16.38,-30.66,177.54,13337
Intercondylar Notch,9.76,17.61,-181.97,1511
Patellar Surface,25.04,-14.40,-156.56,3235
Lateral Epicondyle,45.57,18.38,-170.43,2242
Medial Epicondyle,-27.67,13.43,-178.17,1824
Most Distal Point,-11.71,16.09,-203.99,35
Most Proximal Point,-20.03,-29.11,208.41,14994
Most Anterior Neck Point,-6.62,-39.98,176.97,13276
Most Medial Neck Point,-22.24,-24.31,167.47,12680
Most Posterior Neck Point,-12.35,-9.26,184.02,13859
Head Fit Point 1,-9.72,-38.34,202.00,14755
Head Fit Point 2,-23.76,-41.06,203.52,14773
Head Fit Point 3,-32.60,-26.39,204.76,14848
Head Fit Point 4,-15.93,-18.49,205.62,14911
Head Fit Point 5,-9.19,-45.42,186.69,13837
Head Fit Point 6,-29.90,-45.07,178.09,13274
Head Fit Point 7,-41.18,-25.53,179.70,13351
Head Fit Point 8,-34.00,-13.09,195.59,14454
Lateral Condyle,29.53,40.19,-178.07,1858
Medial Condyle,-14.66,41.19,-181.52,1423
