Fovea,-55.00,-23.92,217.09,9634
Lesser Trochanter,-11.07,9.50,159.41,7480
Greater Trochanter,18.25,-2.99,221.41,9271
Intertrochanteric Line,16.97,-32.89,206.31,9184
Intercondylar Notch,14.82,8.75,-213.80,867
Patellar Surface,21.44,-24.59,-180.06,2263
Lateral Epicondyle,54.86,9.19,-198.35,1138
Medial Epicondyle,-28.93,12.53,-205.27,1414
Most Distal Point,-9.74,16.34,-235.45,68
Most Proximal Point,-36.06,-23.41,237.51,9993
Most Anterior Neck Point,-16.06,-37.84,205.76,9443
Most Medial Neck Point,-28.26,-19.85,190.13,8496
Most Posterior Neck Point,-19.96,0.29,208.24,8922
Head Fit Point 1,-22.47,-20.34,235.79,9925
Head Fit Point 2,-27.88,-35.50,232.06,9936
Head Fit Point 3,-48.99,-28.42,230.20,9871
Head Fit Point 4,-39.01,-10.04,235.02,9824
Head Fit Point 5,-25.31,-43.40,214.65,9714
Head Fit Point 6,-46.67,-39.64,209.11,9556
Head Fit Point 7,-49.42,-9.17,199.51,8866
Head Fit Point 8,-34.72,3.26,219.92,9431
Lateral Condyle,40.91,35.55,-205.04,776
Medial Condyle,-12.76,42.37,-216.46,422
