Fovea,-40.84,-21.83,180.89,9051
Lesser Trochanter,-10.39,-0.99,131.72,7424
Greater Trochanter,17.25,-11.75,181.70,9874
Intertrochanteric Line,15.03,-34.27,167.86,9046
Intercondylar Notch,14.96,8.92,-171.93,1127
Patellar Surface,19.28,-23.45,-142.38,2722
Lateral Epicondyle,48.75,4.59,-161.29,1887
Medial Epicondyle,-21.70,15.78,-165.88,1535
Most Distal Point,-3.43,16.25,-192.52,51
Most Proximal Point,-23.47,-27.33,199.04,9966
Most Anterior Neck Point,-14.09,-36.13,165.46,8492
Most Medial Neck Point,-20.62,-21.40,158.75,8147
Most Posterior Neck Point,-12.89,-7.98,172.43,8829
Head Fit Point 1,-22.49,-37.18,194.45,9865
Head Fit Point 2,-33.74,-33.61,192.34,9682
Head Fit Point 3,-25.74,-16.32,197.16,9911
Head Fit Point 4,-11.98,-26.27,196.47,9945
Head Fit Point 5,-25.21,-44.36,178.06,8909
Head Fit Point 6,-38.25,-36.07,174.26,8707
Head Fit Point 7,-35.21,-9.13,172.75,8600
Head Fit Point 8,-26.13,-6.86,188.82,9539
Lateral Condyle,35.66,25.85,-159.05,1908
Medial Condyle,-4.25,34.98,-165.70,1562
