Fovea,47.38,-27.03,191.74,4463
Lesser Trochanter,15.7,6.02,141.49,2106
Greater Trochanter,-15.53,-5.44,197.36,4244
Intertrochanteric Line,-10.81,-31.39,176.91,3618
Intercondylar Notch,-8.54,15.13,-190.91,5948
Patellar Surface,-21.16,-20.62,-160.84,7438
Lateral Epicondyle,-49.95,13.81,-178.2,6446
Medial Epicondyle,30.89,14.11,-189.61,6096
Most Distal Point,12.69,17.46,-214.14,4856
Most Proximal Point,27.02,-22.24,212.37,4851
Most Anterior Neck Point,6.97,-29.15,176.06,3580
Most Medial Neck Point,17.9,-17.87,162.71,2850
Most Posterior Neck Point,10.1,-4.46,178.64,3287
Head Fit Point 1,36.5,-34.23,203.55,4726
Head Fit Point 2,14.91,-31.14,206.61,4728
Head Fit Point 3,38.81,-9.84,204.53,4630
Head Fit Point 4,14.41,-13.37,208.38,4655
Head Fit Point 5,23.06,1.59,194.65,4121
Head Fit Point 6,41.96,-2.69,187.06,4014
Head Fit Point 7,42.46,-32.28,178.49,3920
Head Fit Point 8,21.22,-41.86,187.02,4253
Lateral Condyle,-34.82,37.56,-186.24,6015
Medial Condyle,14.6,42.22,-191.54,5924
