Medial Epicondyle,28.64,-7.11,-134.39,9182
Lateral Epicondyle,-28.49,-6.85,-127.42,8939
Lesser Tubercle,2.29,-21.8,131.62,1511
Greater Tubercle,-16.84,-8.97,144.49,824
Superior Olecranon Fossa,1.64,-0.52,-116.24,8278
Medial Olecranon Fossa,15.6,-3.02,-130.3,8965
Lateral Olecranon Fossa,-10.08,0.63,-128.92,8942
Inferior Olecranon Fossa,2.1,-6.24,-134.87,9306
Most Distal Point,10.95,-15.48,-150.4,9999
Most Proximal Point,3.64,5.03,152.55,2
Most Anterior Neck Point,0.4,-14.26,143.96,781
Most Medial Neck Point,18.67,7.49,117.31,2264
Most Posterior Neck Point,-6.46,21.07,137,1132
Head Fit Point 1,-2.9,16.41,148.74,404
Head Fit Point 2,11.45,18.3,144.84,669
Head Fit Point 3,16.47,3.67,148.15,416
Head Fit Point 4,3,-5.53,151.41,301
Head Fit Point 5,17.43,-11.57,139.76,1062
Head Fit Point 6,25.01,3.52,133.77,1370
Head Fit Point 7,18.35,19.43,131.35,1460
Head Fit Point 8,4.69,24.4,139.09,997
