Medial Epicondyle,-27.52,-6.79,-120.23,1364
Lateral Epicondyle,27.96,-3.97,-122.99,1278
Lesser Tubercle,-3.54,-19.49,126.35,8577
Greater Tubercle,12.03,-4.59,136.71,9470
Superior Olecranon Fossa,-0.28,0.53,-107.3,2204
Medial Olecranon Fossa,-15.6,-2.42,-121.44,1356
Lateral Olecranon Fossa,10.98,5.12,-120.6,1537
Inferior Olecranon Fossa,-1.65,-6.22,-126.41,851
Most Distal Point,-11.44,-12.93,-140.72,13
Most Proximal Point,-8.09,8.03,141.64,9993
Most Anterior Neck Point,-2.44,-6.64,136.26,9414
Most Medial Neck Point,-20.1,2.52,109.68,7858
Most Posterior Neck Point,3.09,19.94,115.69,8445
Head Fit Point 1,5.2,13.85,136.69,9747
Head Fit Point 2,-12.55,23.11,127.96,9377
Head Fit Point 3,-22.43,9.09,133.49,9531
Head Fit Point 4,-12.09,-6.78,137.81,9599
Head Fit Point 5,-23.15,-6.66,124.33,8690
Head Fit Point 6,-26.54,8.57,115.42,8392
Head Fit Point 7,-18.78,20.47,116.17,8552
Head Fit Point 8,-1.3,24.45,122.4,8845
