Medial Epicondyle,-31.06,-8.66,-133.08,1235
Lateral Epicondyle,31.06,-8.53,-130.9,1067
Lesser Tubercle,-8.29,-19.55,128.63,8514
Greater Tubercle,17.54,-9.6,141.94,9193
Superior Olecranon Fossa,-0.94,-3.23,-120.23,1884
Medial Olecranon Fossa,-16.43,-4.8,-131.33,1307
Lateral Olecranon Fossa,12.42,0.74,-131.85,1188
Inferior Olecranon Fossa,-2.15,-7.97,-137.43,805
Most Distal Point,-13.69,-18.27,-151.95,12
Most Proximal Point,-5.62,8.08,150.2,9999
Most Anterior Neck Point,-6.62,-11.25,140.79,9238
Most Medial Neck Point,-16.47,10.12,111.07,7605
Most Posterior Neck Point,12.57,21.9,126.02,8441
Head Fit Point 1,0.2,-1.51,149.41,9886
Head Fit Point 2,-14.15,-2.81,145.22,9713
Head Fit Point 3,-12.19,17.13,145.02,9877
Head Fit Point 4,4.86,19.88,145.27,9706
Head Fit Point 5,5.61,26.27,136.57,9088
Head Fit Point 6,-10.87,27.62,124.83,8543
Head Fit Point 7,-22.48,18.03,127.23,8724
Head Fit Point 8,-23.33,1.37,134.28,9021
