Medial Epicondyle,28.75,-6.94,-132.79,9111
Lateral Epicondyle,-28.48,-6.85,-127.42,8939
Lesser Tubercle,2.3,-21.79,131.62,1511
Greater Tubercle,-13.92,-10.86,143.94,805
Superior Olecranon Fossa,1.64,-0.53,-116.25,8278
Medial Olecranon Fossa,17.47,-2.65,-131.3,9005
Lateral Olecranon Fossa,-10.08,0.62,-128.93,8942
Inferior Olecranon Fossa,0.8,-5.99,-136.16,9387
Most Distal Point,12.45,-14.77,-150,9991
Most Proximal Point,2.33,4.55,152.61,0
Most Anterior Neck Point,-1.35,-13.31,144.82,786
Most Medial Neck Point,19.89,5.69,118.43,2234
Most Posterior Neck Point,-7.97,20.3,136.28,1141
Head Fit Point 1,-7.35,8.7,150.04,293
Head Fit Point 2,6.15,18.22,147.61,452
Head Fit Point 3,6.42,-6.92,150.71,319
Head Fit Point 4,18.24,8.35,145.75,623
Head Fit Point 5,19.66,-10.16,136.92,1170
Head Fit Point 6,24.06,10.62,131.23,1490
Head Fit Point 7,14.07,22.38,133.24,1313
Head Fit Point 8,0.2,22.4,142.93,729
