Medial Epicondyle,-32.59,-5.75,-143.55,273
Lateral Epicondyle,33.94,-8.94,-140.46,1046
Lesser Tubercle,-0.32,-22,144.27,8539
Greater Tubercle,22.14,-3.43,154.07,9725
Superior Olecranon Fossa,-0.4,-0.4,-123.52,1175
Medial Olecranon Fossa,-20.61,-2.64,-140.93,431
Lateral Olecranon Fossa,12.31,0.51,-138.13,912
Inferior Olecranon Fossa,-0.62,-7.48,-147.28,405
Most Distal Point,-13.06,-17.01,-162.96,4
Most Proximal Point,-6.2,9.03,166.88,9972
Most Anterior Neck Point,-2.84,-11.37,157.6,9507
Most Medial Neck Point,-18.04,12.57,121.27,7676
Most Posterior Neck Point,3.3,28.14,138.25,8941
Head Fit Point 1,5.49,13.05,164.4,9983
Head Fit Point 2,-10.19,23.23,160.84,9865
Head Fit Point 3,-19.62,10.82,161.74,9771
Head Fit Point 4,-8.72,-2.57,164.57,9828
Head Fit Point 5,-25.78,-4.05,150.57,8908
Head Fit Point 6,-31.37,10.03,140.85,8348
Head Fit Point 7,-21.77,27.67,138.59,8519
Head Fit Point 8,-6.49,32.02,151.48,9663
