Medial Epicondyle,-29.12,-6.12,-134.69,8906
Lateral Epicondyle,28.58,-8.69,-135.12,8954
Lesser Tubercle,-1.49,-19.57,136.36,1366
Greater Tubercle,19.53,-6.66,145.86,709
Superior Olecranon Fossa,-0.84,-1.11,-119.36,8099
Medial Olecranon Fossa,-17.87,-2.02,-134.14,8755
Lateral Olecranon Fossa,11.23,1.59,-132.48,8680
Inferior Olecranon Fossa,-0.79,-6.03,-139.13,9236
Most Distal Point,-10.82,-16.11,-154.57,9998
Most Proximal Point,-5.28,9.14,154.78,13
Most Anterior Neck Point,1.78,-10.46,147.2,648
Most Medial Neck Point,-16.12,-0.4,120.37,2231
Most Posterior Neck Point,2.64,22.89,127.45,1539
Head Fit Point 1,6.88,6.25,153.64,95
Head Fit Point 2,3.05,17.99,150.05,222
Head Fit Point 3,-19.17,11.8,145.75,510
Head Fit Point 4,-8.86,-2.86,153.38,193
Head Fit Point 5,-15.79,-10.63,139.11,1138
Head Fit Point 6,-24.44,5.11,129.17,1554
Head Fit Point 7,-20.25,18.67,132.92,1277
Head Fit Point 8,-4.15,25.98,139.17,814
